{
  "slop_words": {
    "min": 2.1214882577844882,
    "max": 43.924784489934034
  },
  "slop_trigrams": {
    "min": -0.027052241145113065,
    "max": 1.2293612202273094
  },
  "contrast": {
    "min": -0.0323480255696472,
    "max": 0.8881555162544392
  }
}
